{"cameraMode":{"drawMode":0,"name":"Shaded","section":"Shading Mode"},"sceneLighting":true,"audioPlay":false,"sceneViewState":{"showFog":true,"showMaterialUpdate":true,"showSkybox":true,"showFlares":true,"showImageEffects":true,"showParticleSystems":true},"in2DMode":false,"pivot":{"x":-9.499763488769532,"y":-8.34542465209961,"z":5.967116355895996},"rotation":{"x":-0.2119445949792862,"y":0.6964424848556519,"z":-0.22833070158958436,"w":-0.6464641094207764},"size":25.324729919433595,"orthographic":false}