{"cameraMode":{"drawMode":0,"name":"Shaded","section":"Shading Mode"},"sceneLighting":true,"audioPlay":false,"sceneViewState":{"showFog":true,"showMaterialUpdate":true,"showSkybox":true,"showFlares":true,"showImageEffects":true,"showParticleSystems":true},"in2DMode":false,"pivot":{"x":0.6499449610710144,"y":-12.349812507629395,"z":-11.842752456665039},"rotation":{"x":-0.2652701437473297,"y":0.7219758033752441,"z":-0.3652053773403168,"w":-0.5244141221046448},"size":23.859371185302736,"orthographic":false}