{"cameraMode":{"drawMode":0,"name":"Shaded","section":"Shading Mode"},"sceneLighting":false,"audioPlay":false,"sceneViewState":{"showFog":true,"showMaterialUpdate":true,"showSkybox":false,"showFlares":true,"showImageEffects":true,"showParticleSystems":true},"in2DMode":false,"pivot":{"x":0.3403663635253906,"y":-0.06469440460205078,"z":-6.1830644607543949},"rotation":{"x":-0.2652701437473297,"y":0.7219758033752441,"z":-0.3652053773403168,"w":-0.5244141221046448},"size":20.873313903808595,"orthographic":false}